Commit made on Fri Jun 20 08:13:13 UTC 2025
Commit made on Fri Jun 20 08:14:58 UTC 2025
Commit made on Fri Jun 20 08:17:28 UTC 2025
Commit made on Fri Jun 20 08:41:59 UTC 2025
Commit made on Sat Jun 21 08:35:22 UTC 2025
Commit made on Sun Jun 22 08:35:54 UTC 2025
Commit made on Mon Jun 23 08:42:56 UTC 2025
Commit made on Tue Jun 24 08:42:41 UTC 2025
Commit made on Wed Jun 25 08:43:02 UTC 2025
Commit made on Thu Jun 26 08:42:12 UTC 2025
Commit made on Fri Jun 27 08:42:00 UTC 2025
Commit made on Sat Jun 28 08:35:57 UTC 2025
Commit made on Sun Jun 29 08:36:36 UTC 2025
Commit made on Mon Jun 30 08:43:14 UTC 2025
Commit made on Tue Jul  1 08:42:44 UTC 2025
Commit made on Wed Jul  2 08:42:28 UTC 2025
Commit made on Thu Jul  3 08:41:30 UTC 2025
Commit made on Fri Jul  4 08:41:16 UTC 2025
Commit made on Sat Jul  5 08:36:23 UTC 2025
Commit made on Sun Jul  6 08:35:20 UTC 2025
Commit made on Mon Jul  7 08:43:42 UTC 2025
Commit made on Tue Jul  8 08:42:59 UTC 2025
Commit made on Wed Jul  9 08:42:41 UTC 2025
Commit made on Thu Jul 10 08:42:52 UTC 2025
Commit made on Fri Jul 11 08:42:27 UTC 2025
Commit made on Sat Jul 12 08:37:09 UTC 2025
Commit made on Sun Jul 13 08:36:17 UTC 2025
Commit made on Mon Jul 14 08:46:23 UTC 2025
Commit made on Tue Jul 15 08:44:12 UTC 2025
Commit made on Wed Jul 16 08:43:47 UTC 2025
Commit made on Thu Jul 17 08:43:48 UTC 2025
Commit made on Fri Jul 18 08:43:58 UTC 2025
Commit made on Sat Jul 19 08:39:23 UTC 2025
Commit made on Sun Jul 20 08:38:05 UTC 2025
Commit made on Mon Jul 21 08:47:15 UTC 2025
Commit made on Tue Jul 22 08:44:49 UTC 2025
Commit made on Wed Jul 23 08:45:15 UTC 2025
Commit made on Thu Jul 24 08:44:43 UTC 2025
Commit made on Fri Jul 25 08:43:20 UTC 2025
Commit made on Sat Jul 26 08:39:14 UTC 2025
Commit made on Sun Jul 27 08:39:40 UTC 2025
Commit made on Mon Jul 28 08:46:06 UTC 2025
Commit made on Tue Jul 29 08:44:49 UTC 2025
Commit made on Wed Jul 30 08:45:30 UTC 2025
Commit made on Thu Jul 31 08:45:11 UTC 2025
Commit made on Fri Aug  1 08:45:03 UTC 2025
Commit made on Sat Aug  2 08:40:24 UTC 2025
Commit made on Sun Aug  3 08:40:02 UTC 2025
Commit made on Mon Aug  4 08:46:53 UTC 2025
Commit made on Tue Aug  5 08:46:28 UTC 2025
Commit made on Wed Aug  6 08:46:16 UTC 2025
Commit made on Thu Aug  7 08:46:13 UTC 2025
Commit made on Fri Aug  8 08:45:18 UTC 2025
Commit made on Sat Aug  9 08:38:39 UTC 2025
Commit made on Sun Aug 10 08:38:00 UTC 2025
Commit made on Mon Aug 11 08:45:29 UTC 2025
Commit made on Tue Aug 12 08:42:21 UTC 2025
Commit made on Wed Aug 13 08:42:53 UTC 2025
Commit made on Thu Aug 14 08:43:29 UTC 2025
Commit made on Fri Aug 15 08:41:10 UTC 2025
Commit made on Sat Aug 16 08:36:54 UTC 2025
Commit made on Sun Aug 17 08:37:41 UTC 2025
Commit made on Mon Aug 18 08:44:09 UTC 2025
Commit made on Tue Aug 19 08:40:27 UTC 2025
Commit made on Wed Aug 20 08:38:43 UTC 2025
Commit made on Thu Aug 21 08:38:38 UTC 2025
Commit made on Fri Aug 22 08:38:20 UTC 2025
Commit made on Sat Aug 23 08:34:04 UTC 2025
Commit made on Sun Aug 24 08:33:33 UTC 2025
Commit made on Mon Aug 25 08:42:30 UTC 2025
Commit made on Tue Aug 26 08:41:26 UTC 2025
Commit made on Wed Aug 27 08:37:05 UTC 2025
Commit made on Thu Aug 28 08:37:21 UTC 2025
Commit made on Fri Aug 29 08:36:49 UTC 2025
Commit made on Sat Aug 30 08:33:04 UTC 2025
Commit made on Sun Aug 31 08:32:40 UTC 2025
Commit made on Mon Sep  1 08:41:35 UTC 2025
Commit made on Tue Sep  2 08:38:21 UTC 2025
Commit made on Wed Sep  3 08:35:45 UTC 2025
Commit made on Thu Sep  4 08:35:42 UTC 2025
Commit made on Fri Sep  5 08:35:59 UTC 2025
Commit made on Sat Sep  6 08:31:53 UTC 2025
Commit made on Sun Sep  7 08:31:49 UTC 2025
Commit made on Mon Sep  8 08:40:26 UTC 2025
Commit made on Tue Sep  9 08:38:24 UTC 2025
Commit made on Wed Sep 10 08:37:13 UTC 2025
Commit made on Thu Sep 11 08:35:37 UTC 2025
Commit made on Fri Sep 12 08:35:04 UTC 2025
Commit made on Sat Sep 13 08:32:11 UTC 2025
Commit made on Sun Sep 14 08:32:25 UTC 2025
Commit made on Mon Sep 15 08:37:27 UTC 2025
Commit made on Tue Sep 16 08:37:44 UTC 2025
Commit made on Wed Sep 17 08:35:46 UTC 2025
Commit made on Thu Sep 18 08:36:25 UTC 2025
Commit made on Fri Sep 19 08:36:10 UTC 2025
Commit made on Sat Sep 20 08:33:30 UTC 2025
Commit made on Sun Sep 21 08:31:37 UTC 2025
Commit made on Mon Sep 22 08:39:24 UTC 2025
Commit made on Tue Sep 23 08:36:26 UTC 2025
Commit made on Wed Sep 24 08:38:29 UTC 2025
Commit made on Thu Sep 25 08:37:38 UTC 2025
Commit made on Fri Sep 26 08:38:11 UTC 2025
Commit made on Sat Sep 27 08:32:00 UTC 2025
Commit made on Sun Sep 28 08:32:12 UTC 2025
Commit made on Mon Sep 29 08:41:49 UTC 2025
Commit made on Tue Sep 30 08:41:35 UTC 2025
Commit made on Wed Oct  1 08:37:45 UTC 2025
Commit made on Thu Oct  2 08:36:00 UTC 2025
Commit made on Fri Oct  3 08:34:50 UTC 2025
Commit made on Sat Oct  4 08:32:20 UTC 2025
Commit made on Sun Oct  5 08:31:58 UTC 2025
Commit made on Mon Oct  6 08:37:32 UTC 2025
Commit made on Tue Oct  7 08:37:18 UTC 2025
Commit made on Wed Oct  8 08:37:37 UTC 2025
Commit made on Thu Oct  9 08:37:36 UTC 2025
Commit made on Fri Oct 10 08:36:53 UTC 2025
Commit made on Sat Oct 11 08:32:50 UTC 2025
Commit made on Sun Oct 12 08:33:01 UTC 2025
Commit made on Mon Oct 13 08:42:04 UTC 2025
Commit made on Tue Oct 14 08:35:44 UTC 2025
Commit made on Wed Oct 15 08:41:46 UTC 2025
Commit made on Thu Oct 16 08:41:20 UTC 2025
Commit made on Fri Oct 17 08:38:03 UTC 2025
Commit made on Sat Oct 18 08:34:18 UTC 2025
Commit made on Sun Oct 19 08:32:48 UTC 2025
Commit made on Mon Oct 20 08:38:37 UTC 2025
Commit made on Tue Oct 21 08:41:57 UTC 2025
Commit made on Wed Oct 22 08:42:24 UTC 2025
Commit made on Thu Oct 23 08:41:08 UTC 2025
Commit made on Fri Oct 24 08:37:52 UTC 2025
Commit made on Sat Oct 25 08:33:17 UTC 2025
Commit made on Sun Oct 26 08:33:42 UTC 2025
Commit made on Mon Oct 27 08:41:17 UTC 2025
Commit made on Tue Oct 28 08:40:57 UTC 2025
Commit made on Wed Oct 29 08:41:44 UTC 2025
Commit made on Thu Oct 30 08:39:52 UTC 2025
Commit made on Fri Oct 31 08:37:34 UTC 2025
Commit made on Sat Nov  1 08:34:02 UTC 2025
Commit made on Sun Nov  2 08:32:43 UTC 2025
Commit made on Mon Nov  3 08:42:17 UTC 2025
Commit made on Tue Nov  4 08:42:11 UTC 2025
Commit made on Wed Nov  5 08:42:16 UTC 2025
Commit made on Thu Nov  6 08:41:52 UTC 2025
Commit made on Fri Nov  7 08:40:45 UTC 2025
Commit made on Sat Nov  8 08:34:55 UTC 2025
Commit made on Sun Nov  9 08:33:25 UTC 2025
Commit made on Mon Nov 10 08:42:33 UTC 2025
Commit made on Tue Nov 11 08:40:04 UTC 2025
Commit made on Wed Nov 12 08:42:34 UTC 2025
Commit made on Thu Nov 13 08:41:49 UTC 2025
Commit made on Fri Nov 14 08:39:48 UTC 2025
Commit made on Sat Nov 15 08:34:35 UTC 2025
Commit made on Sun Nov 16 08:35:14 UTC 2025
Commit made on Mon Nov 17 08:43:27 UTC 2025
Commit made on Tue Nov 18 08:41:49 UTC 2025
Commit made on Wed Nov 19 08:41:08 UTC 2025
Commit made on Thu Nov 20 08:42:18 UTC 2025
Commit made on Fri Nov 21 08:42:23 UTC 2025
Commit made on Sat Nov 22 08:35:33 UTC 2025
Commit made on Sun Nov 23 08:35:36 UTC 2025
Commit made on Mon Nov 24 08:43:46 UTC 2025
Commit made on Tue Nov 25 08:42:46 UTC 2025
Commit made on Wed Nov 26 08:42:18 UTC 2025
Commit made on Thu Nov 27 08:42:35 UTC 2025
Commit made on Fri Nov 28 08:42:30 UTC 2025
Commit made on Sat Nov 29 08:37:48 UTC 2025
Commit made on Sun Nov 30 08:35:16 UTC 2025
Commit made on Mon Dec  1 08:46:07 UTC 2025
Commit made on Tue Dec  2 08:45:27 UTC 2025
Commit made on Wed Dec  3 08:44:38 UTC 2025
Commit made on Thu Dec  4 08:44:15 UTC 2025
Commit made on Fri Dec  5 08:42:33 UTC 2025
Commit made on Sat Dec  6 08:37:21 UTC 2025
Commit made on Sun Dec  7 08:35:53 UTC 2025
Commit made on Mon Dec  8 08:46:10 UTC 2025
Commit made on Tue Dec  9 08:45:15 UTC 2025
Commit made on Wed Dec 10 08:44:19 UTC 2025
Commit made on Thu Dec 11 08:45:04 UTC 2025
Commit made on Fri Dec 12 08:45:33 UTC 2025
Commit made on Sat Dec 13 08:37:56 UTC 2025
Commit made on Sun Dec 14 08:38:31 UTC 2025
Commit made on Mon Dec 15 08:48:02 UTC 2025
Commit made on Tue Dec 16 08:46:20 UTC 2025
Commit made on Wed Dec 17 08:46:03 UTC 2025
Commit made on Thu Dec 18 08:45:05 UTC 2025
Commit made on Fri Dec 19 08:44:49 UTC 2025
Commit made on Sat Dec 20 08:39:01 UTC 2025
Commit made on Sun Dec 21 08:39:42 UTC 2025
Commit made on Mon Dec 22 08:45:58 UTC 2025
Commit made on Tue Dec 23 08:45:05 UTC 2025
Commit made on Wed Dec 24 08:45:03 UTC 2025
Commit made on Thu Dec 25 08:43:34 UTC 2025
Commit made on Fri Dec 26 08:43:02 UTC 2025
Commit made on Sat Dec 27 08:40:48 UTC 2025
Commit made on Sun Dec 28 08:40:59 UTC 2025
Commit made on Mon Dec 29 08:47:17 UTC 2025
Commit made on Tue Dec 30 08:44:49 UTC 2025
Commit made on Wed Dec 31 08:44:36 UTC 2025
Commit made on Thu Jan  1 08:44:05 UTC 2026
Commit made on Fri Jan  2 08:44:35 UTC 2026
Commit made on Sat Jan  3 08:41:51 UTC 2026
Commit made on Sun Jan  4 08:42:43 UTC 2026
Commit made on Mon Jan  5 08:49:32 UTC 2026
Commit made on Tue Jan  6 08:46:39 UTC 2026
Commit made on Wed Jan  7 08:47:15 UTC 2026
Commit made on Thu Jan  8 08:46:58 UTC 2026
Commit made on Fri Jan  9 08:46:49 UTC 2026
Commit made on Sat Jan 10 08:40:47 UTC 2026
Commit made on Sun Jan 11 08:41:33 UTC 2026
Commit made on Mon Jan 12 08:49:07 UTC 2026
Commit made on Tue Jan 13 08:47:40 UTC 2026
Commit made on Wed Jan 14 08:53:43 UTC 2026
Commit made on Thu Jan 15 08:46:53 UTC 2026
Commit made on Fri Jan 16 08:45:44 UTC 2026
Commit made on Sat Jan 17 08:40:41 UTC 2026
Commit made on Sun Jan 18 08:41:03 UTC 2026
Commit made on Mon Jan 19 08:49:33 UTC 2026
Commit made on Tue Jan 20 08:50:07 UTC 2026
Commit made on Wed Jan 21 08:48:42 UTC 2026
Commit made on Thu Jan 22 08:50:03 UTC 2026
Commit made on Fri Jan 23 08:46:40 UTC 2026
Commit made on Sat Jan 24 08:41:49 UTC 2026
Commit made on Sun Jan 25 08:42:11 UTC 2026
Commit made on Mon Jan 26 08:50:14 UTC 2026
Commit made on Tue Jan 27 08:49:50 UTC 2026
Commit made on Wed Jan 28 08:50:02 UTC 2026
Commit made on Thu Jan 29 08:58:08 UTC 2026
